Date,Coint_PValue,Is_Cointegrated
2016-01-04,0.2530639759203385,False
2016-01-05,0.2552728405437765,False
2016-01-06,0.23176197762763467,False
2016-01-07,0.4934129431740617,False
2016-01-08,0.4906628033602702,False
2016-01-11,0.31066017506777466,False
2016-01-12,0.25751316963646376,False
2016-01-13,0.2984237627617239,False
2016-01-14,0.5013810785307397,False
2016-01-15,0.41745826300352035,False
2016-01-19,0.5615969556701068,False
2016-01-20,0.5693510504257028,False
2016-01-21,0.5461848640350755,False
2016-01-22,0.5231226860413531,False
2016-01-25,0.498177971727828,False
2016-01-26,0.427399612165593,False
2016-01-27,0.46746298335444586,False
2016-01-28,0.32517377202371406,False
2016-01-29,0.3488020780894788,False
2016-02-01,0.5252961406330553,False
2016-02-02,0.4850856399954156,False
2016-02-03,0.638837618394708,False
2016-02-04,0.6701248669749748,False
2016-02-05,0.7074029225183871,False
2016-02-08,0.7665206887778194,False
2016-02-09,0.8172512653035264,False
2016-02-10,0.8428974536634499,False
2016-02-11,0.901578899048023,False
2016-02-12,0.932300662320785,False
2016-02-16,0.9137206208017337,False
2016-02-17,0.9059565203250145,False
2016-02-18,0.8565830581310598,False
2016-02-19,0.8422293823264787,False
2016-02-22,0.8602035199017648,False
2016-02-23,0.8289327949954224,False
2016-02-24,0.8481869330532512,False
2016-02-25,0.8001575419386564,False
2016-02-26,0.8465642489103526,False
2016-02-29,0.865316410325802,False
2016-03-01,0.8569617593463857,False
2016-03-02,0.8560817498506589,False
2016-03-03,0.86868903931457,False
2016-03-04,0.8456913470129572,False
2016-03-07,0.8217508469411773,False
2016-03-08,0.8125109524173344,False
2016-03-09,0.8232726960427939,False
2016-03-10,0.8223777393049718,False
2016-03-11,0.7450619773343168,False
2016-03-14,0.6965525141436094,False
2016-03-15,0.7304440055384644,False
2016-03-16,0.6222620252898452,False
2016-03-17,0.5015734814786492,False
2016-03-18,0.4897484685662472,False
2016-03-21,0.4443444605337693,False
2016-03-22,0.4863372701398338,False
2016-03-23,0.5479214920914026,False
2016-03-24,0.5624313927144038,False
2016-03-28,0.5619837223457721,False
2016-03-29,0.609460719929924,False
2016-03-30,0.531319514387969,False
2016-03-31,0.5484035656983306,False
2016-04-01,0.6135494307167829,False
2016-04-04,0.5322231635125717,False
2016-04-05,0.5336249090994493,False
2016-04-06,0.538378526812815,False
2016-04-07,0.5117435561214692,False
2016-04-08,0.5436034951606451,False
2016-04-11,0.5417477165520141,False
2016-04-12,0.5327470817914096,False
2016-04-13,0.5644603764362385,False
2016-04-14,0.47704419042721224,False
2016-04-15,0.47254975497331286,False
2016-04-18,0.5035470337966552,False
2016-04-19,0.509147417987617,False
2016-04-20,0.5168629267557997,False
2016-04-21,0.4946882876562229,False
2016-04-22,0.4969586394883748,False
2016-04-25,0.5118000720891676,False
2016-04-26,0.5812771334500051,False
2016-04-27,0.586386077611173,False
2016-04-28,0.6179066267915748,False
2016-04-29,0.6364361779954688,False
2016-05-02,0.6501066333500932,False
2016-05-03,0.666493734250902,False
2016-05-04,0.6508324929831544,False
2016-05-05,0.6637797936576768,False
2016-05-06,0.6679944266211826,False
2016-05-09,0.6751668330921645,False
2016-05-10,0.67605769222489,False
2016-05-11,0.6661294146882939,False
2016-05-12,0.6778415303104062,False
2016-05-13,0.6566761375231158,False
2016-05-16,0.6456597847251184,False
2016-05-17,0.6394562089754106,False
2016-05-18,0.6598225094258952,False
2016-05-19,0.6886454543439404,False
2016-05-20,0.7028772804161183,False
2016-05-23,0.6966267749337944,False
2016-05-24,0.7066524507787255,False
2016-05-25,0.734129594745365,False
2016-05-26,0.7120513579802259,False
2016-05-27,0.7048759967853199,False
2016-05-31,0.68388613714362,False
2016-06-01,0.6806354629914085,False
2016-06-02,0.6959562093858341,False
2016-06-03,0.656055588421448,False
2016-06-06,0.6377931891669854,False
2016-06-07,0.5872900961173083,False
2016-06-08,0.6581795246921853,False
2016-06-09,0.6786926330455114,False
2016-06-10,0.68390104482606,False
2016-06-13,0.692616820932843,False
2016-06-14,0.6534891563256366,False
2016-06-15,0.6114759218434668,False
2016-06-16,0.6403832965449193,False
2016-06-17,0.5846968894082566,False
2016-06-20,0.5641768607745327,False
2016-06-21,0.5326437546068036,False
2016-06-22,0.4936634024886583,False
2016-06-23,0.4626099533194466,False
2016-06-24,0.44812155033180245,False
2016-06-27,0.37228104172373333,False
2016-06-28,0.33616509164540914,False
2016-06-29,0.13944351566283564,False
2016-06-30,0.21112825602872565,False
2016-07-01,0.2833757167933289,False
2016-07-05,0.23274634756246604,False
2016-07-06,0.1498086020471714,False
2016-07-07,0.09316662729206238,False
2016-07-08,0.07861872953670963,False
2016-07-11,0.06933581457181937,False
2016-07-12,0.08395587099499169,False
2016-07-13,0.11041864115828315,False
2016-07-14,0.15013384715606543,False
2016-07-15,0.19831023471441622,False
2016-07-18,0.24956638917290436,False
2016-07-19,0.29814238349005495,False
2016-07-20,0.3975714400819112,False
2016-07-21,0.4065277204386192,False
2016-07-22,0.38170342269892865,False
2016-07-25,0.332427810547538,False
2016-07-26,0.31750313493151805,False
2016-07-27,0.40882082455997754,False
2016-07-28,0.40493509442184517,False
2016-07-29,0.4475460012966802,False
2016-08-01,0.5011475188089938,False
2016-08-02,0.4262026626968479,False
2016-08-03,0.4519658762474754,False
2016-08-04,0.5321164263161983,False
2016-08-05,0.5110166045028055,False
2016-08-08,0.48771936017720136,False
2016-08-09,0.46657633477747396,False
2016-08-10,0.49262482492707005,False
2016-08-11,0.5233891483069766,False
2016-08-12,0.5147169012735426,False
2016-08-15,0.5027164767958806,False
2016-08-16,0.4913597642203065,False
2016-08-17,0.5379525423336142,False
2016-08-18,0.5269087671602674,False
2016-08-19,0.5163607011632536,False
2016-08-22,0.4906624436738821,False
2016-08-23,0.4485158098136642,False
2016-08-24,0.3981035353993836,False
2016-08-25,0.44816025890514155,False
2016-08-26,0.47153893376028616,False
2016-08-29,0.5501730364586214,False
2016-08-30,0.4984698005474637,False
2016-08-31,0.5261374221996091,False
2016-09-01,0.546421539641021,False
2016-09-02,0.5036054964461384,False
2016-09-06,0.4986280860293665,False
2016-09-07,0.4224757296320427,False
2016-09-08,0.4123578580169368,False
2016-09-09,0.434022814346852,False
2016-09-12,0.4607788178536707,False
2016-09-13,0.4816360411353604,False
2016-09-14,0.38277596977893263,False
2016-09-15,0.4040169595818516,False
2016-09-16,0.40690586647121535,False
2016-09-19,0.3856474777158643,False
2016-09-20,0.4125574435169918,False
2016-09-21,0.2897377853447778,False
2016-09-22,0.2739888814963287,False
2016-09-23,0.24732068963863668,False
2016-09-26,0.26544363675994204,False
2016-09-27,0.23664118309801352,False
2016-09-28,0.24073844342044082,False
2016-09-29,0.14651421362845823,False
2016-09-30,0.1033819051937126,False
2016-10-03,0.11901347400726014,False
2016-10-04,0.09691350442890084,False
2016-10-05,0.07145492732498153,False
2016-10-06,0.06203706628019662,False
2016-10-07,0.13441119820664632,False
2016-10-10,0.12535602436679505,False
2016-10-11,0.07328175133898339,False
2016-10-12,0.05474921882788355,False
2016-10-13,0.06466467767851738,False
2016-10-14,0.03283306486438724,True
2016-10-17,0.028830148306259008,True
2016-10-18,0.03821232530601507,True
2016-10-19,0.027625266212533948,True
2016-10-20,0.01760764782666642,True
2016-10-21,0.02130665028305537,True
2016-10-24,0.02116986775902985,True
2016-10-25,0.03709797860723005,True
2016-10-26,0.02239690027483066,True
2016-10-27,0.0320277110730232,True
2016-10-28,0.058139302751693475,False
2016-10-31,0.041778170021571547,True
2016-11-01,0.18289707193213667,False
2016-11-02,0.20228464668897567,False
2016-11-03,0.21580283927785454,False
2016-11-04,0.2586624666653785,False
2016-11-07,0.19564648775897392,False
2016-11-08,0.30614827382659693,False
2016-11-09,0.1692446985047703,False
2016-11-10,0.49986759043532825,False
2016-11-11,0.8167908338730676,False
2016-11-14,0.9422056428483493,False
2016-11-15,0.7383837421439262,False
2016-11-16,0.9759575762864883,False
2016-11-17,0.8848643788424748,False
2016-11-18,0.9561582598011692,False
2016-11-21,0.9905294799453225,False
2016-11-22,0.9887591279811918,False
2016-11-23,0.9360160206270101,False
2016-11-25,0.9370917938705963,False
2016-11-28,0.9457127725926527,False
2016-11-29,0.9349078807672754,False
2016-11-30,0.928927516776311,False
2016-12-01,0.9879919512225986,False
2016-12-02,0.9904514869509538,False
2016-12-05,0.9884945026649279,False
2016-12-06,0.9897647244535296,False
2016-12-07,0.9857856687643064,False
2016-12-08,0.9801853662326102,False
2016-12-09,0.9878649516803742,False
2016-12-12,0.9939536046117973,False
2016-12-13,0.9936734976719698,False
2016-12-14,0.9928362914455083,False
2016-12-15,0.979256590014819,False
2016-12-16,0.9461179446030512,False
2016-12-19,0.9802529588734918,False
2016-12-20,0.9738760916169381,False
2016-12-21,0.9812065008544496,False
2016-12-22,0.9839737232125214,False
2016-12-23,0.9853721641924774,False
2016-12-27,0.9841658530013232,False
2016-12-28,0.9789298388223907,False
2016-12-29,0.9647275294157259,False
2016-12-30,0.9799261079714787,False
2017-01-03,0.9723877854873144,False
2017-01-04,0.9267648394712811,False
2017-01-05,0.9139374794869439,False
2017-01-06,0.8992183278298894,False
2017-01-09,0.9151032275514943,False
2017-01-10,0.9041509941384227,False
2017-01-11,0.8753621728326997,False
2017-01-12,0.9108470894110001,False
2017-01-13,0.9290600090523142,False
2017-01-17,0.9454348089768978,False
2017-01-18,0.9472419534744964,False
2017-01-19,0.9449444517570412,False
2017-01-20,0.9380400995093362,False
2017-01-23,0.959886435041899,False
2017-01-24,0.9506264727768539,False
2017-01-25,0.9481063112553577,False
2017-01-26,0.9581446384637614,False
2017-01-27,0.9610529404326735,False
2017-01-30,0.9658078258209721,False
2017-01-31,0.9693704091431339,False
2017-02-01,0.9661087492709264,False
2017-02-02,0.9599193661188057,False
2017-02-03,0.9644623802994476,False
2017-02-06,0.9492751682193805,False
2017-02-07,0.9581655184166965,False
2017-02-08,0.9309342947421728,False
2017-02-09,0.9529970873902438,False
2017-02-10,0.9490063753715567,False
2017-02-13,0.9403485849964792,False
2017-02-14,0.9487654327581272,False
2017-02-15,0.9416505116404451,False
2017-02-16,0.901988114979188,False
2017-02-17,0.8992487153471035,False
2017-02-21,0.9130974526135915,False
2017-02-22,0.9303253893095973,False
2017-02-23,0.9261292338349647,False
2017-02-24,0.9030752562983227,False
2017-02-27,0.908956380275254,False
2017-02-28,0.8456888511389197,False
2017-03-01,0.7892560916526533,False
2017-03-02,0.7979270537666159,False
2017-03-03,0.6589529771563349,False
2017-03-06,0.5474964315811617,False
2017-03-07,0.5304925149723798,False
2017-03-08,0.4864927541851619,False
2017-03-09,0.45373965743385414,False
2017-03-10,0.29086513438076333,False
2017-03-13,0.23825701782565117,False
2017-03-14,0.23493623601842006,False
2017-03-15,0.46707163816032155,False
2017-03-16,0.4988610380040358,False
2017-03-17,0.4413523916293105,False
2017-03-20,0.4610497959226041,False
2017-03-21,0.4092351209903517,False
2017-03-22,0.4175630526947084,False
2017-03-23,0.3178881063582985,False
2017-03-24,0.3078466113099375,False
2017-03-27,0.522441561626225,False
2017-03-28,0.5901384431779628,False
2017-03-29,0.5798234502519888,False
2017-03-30,0.5474744864051048,False
2017-03-31,0.6227389987801076,False
2017-04-03,0.6082784357397499,False
2017-04-04,0.6643721345862743,False
2017-04-05,0.6443421122588185,False
2017-04-06,0.6246018872349774,False
2017-04-07,0.6602915220620622,False
2017-04-10,0.5222002694618946,False
2017-04-11,0.4696787285600368,False
2017-04-12,0.5578914108738854,False
2017-04-13,0.687412989885714,False
2017-04-17,0.730108289990182,False
2017-04-18,0.7259586621963372,False
2017-04-19,0.7551065004222064,False
2017-04-20,0.7175228625218187,False
2017-04-21,0.7417038838492594,False
2017-04-24,0.797569002735179,False
2017-04-25,0.6585275273247768,False
2017-04-26,0.5664104486466472,False
2017-04-27,0.5992035142130754,False
2017-04-28,0.68568687169196,False
2017-05-01,0.7377176635674318,False
2017-05-02,0.717873701731117,False
2017-05-03,0.7125737057466242,False
2017-05-04,0.6532807174478846,False
2017-05-05,0.6579420722353769,False
2017-05-08,0.7200753508014277,False
2017-05-09,0.7186157817018644,False
2017-05-10,0.6409249946820123,False
2017-05-11,0.6381896753279543,False
2017-05-12,0.613797704728981,False
2017-05-15,0.6827113742864783,False
2017-05-16,0.6584184350391662,False
2017-05-17,0.47134880700843096,False
2017-05-18,0.5042009893886018,False
2017-05-19,0.482538288406693,False
2017-05-22,0.4656844534852595,False
2017-05-23,0.2931410696904999,False
2017-05-24,0.36527922763633713,False
2017-05-25,0.4801474690241307,False
2017-05-26,0.38322916281963004,False
2017-05-30,0.3960041702018659,False
2017-05-31,0.2548373611992344,False
2017-06-01,0.33621286569779407,False
2017-06-02,0.4787425405119053,False
2017-06-05,0.5398701388428513,False
2017-06-06,0.45273555321881126,False
2017-06-07,0.46136454591495457,False
2017-06-08,0.4510842785063431,False
2017-06-09,0.47279413694867395,False
2017-06-12,0.4495797026424545,False
2017-06-13,0.45334078903569663,False
2017-06-14,0.5572126623460496,False
2017-06-15,0.49351188186016226,False
2017-06-16,0.5124223271112631,False
2017-06-19,0.5315390372232214,False
2017-06-20,0.46022896891478865,False
2017-06-21,0.4552612777982768,False
2017-06-22,0.4769710329036034,False
2017-06-23,0.5862034040795274,False
2017-06-26,0.6157730541328076,False
2017-06-27,0.635613328802054,False
2017-06-28,0.6351318508279673,False
2017-06-29,0.6997126091521124,False
2017-06-30,0.6946174535159054,False
2017-07-03,0.7187234565506165,False
2017-07-05,0.6747647255682726,False
2017-07-06,0.6825123267493381,False
2017-07-07,0.7147729903536352,False
2017-07-10,0.6800415170458995,False
2017-07-11,0.7480082053645543,False
2017-07-12,0.7845248036380896,False
2017-07-13,0.7983296701451403,False
2017-07-14,0.7448193846386593,False
2017-07-17,0.8389479461424015,False
2017-07-18,0.8378530692814214,False
2017-07-19,0.799318563471291,False
2017-07-20,0.8311023135482365,False
2017-07-21,0.811082269487241,False
2017-07-24,0.7784998184761966,False
2017-07-25,0.7363517244998087,False
2017-07-26,0.7599668627451284,False
2017-07-27,0.7767362473848662,False
2017-07-28,0.8584294431471471,False
2017-07-31,0.9021314479927385,False
2017-08-01,0.890761708851922,False
2017-08-02,0.8932024367283089,False
2017-08-03,0.8884978760317184,False
2017-08-04,0.8334104922182721,False
2017-08-07,0.7868408615783312,False
2017-08-08,0.8154660234280671,False
2017-08-09,0.8356841266256114,False
2017-08-10,0.7629872174526442,False
2017-08-11,0.755301588560501,False
2017-08-14,0.8700805810862371,False
2017-08-15,0.8224378368472322,False
2017-08-16,0.7593780960942504,False
2017-08-17,0.8323248190118703,False
2017-08-18,0.7396356849039432,False
2017-08-21,0.6400501698041753,False
2017-08-22,0.6500323019972627,False
2017-08-23,0.610793729678293,False
2017-08-24,0.6099568328874803,False
2017-08-25,0.3933869042296577,False
2017-08-28,0.328467397863229,False
2017-08-29,0.2829192667100581,False
2017-08-30,0.27772376668406673,False
2017-08-31,0.33851975612644913,False
2017-09-01,0.4043966082422173,False
2017-09-05,0.39491911612416314,False
2017-09-06,0.3211165072381502,False
2017-09-07,0.3373977732121649,False
2017-09-08,0.415242772924203,False
2017-09-11,0.44082469373277205,False
2017-09-12,0.4950694163116971,False
2017-09-13,0.5246090933491365,False
2017-09-14,0.6777991262428719,False
2017-09-15,0.5601064504030787,False
2017-09-18,0.5142043483019284,False
2017-09-19,0.3785215873376994,False
2017-09-20,0.3498092429896693,False
2017-09-21,0.1348954626533011,False
2017-09-22,0.18784837904135593,False
2017-09-25,0.18572594171493062,False
2017-09-26,0.13062115881104408,False
2017-09-27,0.0994956608300897,False
2017-09-28,0.1388537342417328,False
2017-09-29,0.14520967448497774,False
2017-10-02,0.07279309386413091,False
2017-10-03,0.14774494647249492,False
2017-10-04,0.06046281460354059,False
2017-10-05,0.22495942112334782,False
2017-10-06,0.0961616774359903,False
2017-10-09,0.06791780054992562,False
2017-10-10,0.045327973352134926,True
2017-10-11,0.026896299943098317,True
2017-10-12,0.033228866862822524,True
2017-10-13,0.049387643410350526,True
2017-10-16,0.03796862288328658,True
2017-10-17,0.02132655974312573,True
2017-10-18,0.020248208153399467,True
2017-10-19,0.007049394303997915,True
2017-10-20,0.003907537434849964,True
2017-10-23,0.0017706401747367006,True
2017-10-24,0.0008065249613097145,True
2017-10-25,0.00047145754758231065,True
2017-10-26,0.0036446827687003102,True
2017-10-27,0.003387676269983023,True
2017-10-30,0.007976723926830364,True
2017-10-31,0.005623076769648328,True
2017-11-01,0.0024285739669662972,True
2017-11-02,0.0022258616668324378,True
2017-11-03,0.0005315969598032182,True
2017-11-06,0.00012755333403690675,True
2017-11-07,0.03324637384746399,True
2017-11-08,0.07710415781446449,False
2017-11-09,0.07263016237615233,False
2017-11-10,0.04270463459651621,True
2017-11-13,0.07706906737951064,False
2017-11-14,0.055489264263534455,False
2017-11-15,0.01750931186818564,True
2017-11-16,0.12026472514268666,False
2017-11-17,0.08830617350949921,False
2017-11-20,0.09432194336353017,False
2017-11-21,0.12421368038751751,False
2017-11-22,0.15314352480916393,False
2017-11-24,0.11794201650060138,False
2017-11-27,0.08748180619614826,False
2017-11-28,0.16767008964991859,False
2017-11-29,0.2092245030330701,False
2017-11-30,0.17456436130914704,False
2017-12-01,0.17232756667936117,False
2017-12-04,0.23773132215037074,False
2017-12-05,0.33440291584182924,False
2017-12-06,0.42522483421407564,False
2017-12-07,0.44152177764781547,False
2017-12-08,0.32617593040452686,False
2017-12-11,0.2914775292401563,False
2017-12-12,0.40329817695941905,False
2017-12-13,0.4000324671823363,False
2017-12-14,0.334202534026074,False
2017-12-15,0.3911893761643715,False
2017-12-18,0.5079925804468195,False
2017-12-19,0.43245276502633995,False
2017-12-20,0.3227304646838379,False
2017-12-21,0.21715685302802606,False
2017-12-22,0.2414104466337001,False
2017-12-26,0.3234357650492031,False
2017-12-27,0.3233361024519577,False
2017-12-28,0.3731848045181334,False
2017-12-29,0.36310607933249506,False
2018-01-02,0.3660749662061308,False
2018-01-03,0.34092230966201387,False
2018-01-04,0.3626385222388749,False
2018-01-05,0.4415973275935837,False
2018-01-08,0.40722899246004185,False
2018-01-09,0.39153617862992457,False
2018-01-10,0.3225923190339338,False
2018-01-11,0.2701746604709667,False
2018-01-12,0.3071244415030254,False
2018-01-16,0.3260689257616324,False
2018-01-17,0.3407164932931579,False
2018-01-18,0.3353858818336546,False
2018-01-19,0.29963461963059235,False
2018-01-22,0.23660164953314483,False
2018-01-23,0.18518736728269042,False
2018-01-24,0.18410236036368227,False
2018-01-25,0.1679613139704199,False
2018-01-26,0.1553770057756011,False
2018-01-29,0.1940601956087178,False
2018-01-30,0.18348476511005585,False
2018-01-31,0.12944053640552977,False
2018-02-01,0.15964353404194603,False
2018-02-02,0.16206788803064737,False
2018-02-05,0.24789705936923134,False
2018-02-06,0.26015196894601755,False
2018-02-07,0.22381183953751643,False
2018-02-08,0.211209195804533,False
2018-02-09,0.20050885988758593,False
2018-02-12,0.37141797038272895,False
2018-02-13,0.34218147188385073,False
2018-02-14,0.29909857453707145,False
2018-02-15,0.25773575412616767,False
2018-02-16,0.18440003541648486,False
2018-02-20,0.16520976956044536,False
2018-02-21,0.18096439572572437,False
2018-02-22,0.28646640663554834,False
2018-02-23,0.2979421226091489,False
2018-02-26,0.26243977060521084,False
2018-02-27,0.2174891722123773,False
2018-02-28,0.22865680939919947,False
2018-03-01,0.218283115277413,False
2018-03-02,0.23448642244284384,False
2018-03-05,0.26432966528024315,False
2018-03-06,0.29383026104709487,False
2018-03-07,0.25536710079916813,False
2018-03-08,0.23710699090412235,False
2018-03-09,0.22688401783834827,False
2018-03-12,0.24031229026570883,False
2018-03-13,0.235555477262679,False
2018-03-14,0.2373389035209733,False
2018-03-15,0.2087975784178014,False
2018-03-16,0.20921921135145904,False
2018-03-19,0.20757617914308396,False
2018-03-20,0.22053526481251617,False
2018-03-21,0.2154827981844853,False
2018-03-22,0.24781205998502098,False
2018-03-23,0.24124597744758297,False
2018-03-26,0.2260308306288425,False
2018-03-27,0.22896703015294317,False
2018-03-28,0.1964749788982068,False
2018-03-29,0.21089941921975414,False
2018-04-02,0.21845462329208098,False
2018-04-03,0.22461807903892972,False
2018-04-04,0.24925199168256312,False
2018-04-05,0.2145621197379512,False
2018-04-06,0.26913140083876064,False
2018-04-09,0.2847865694726121,False
2018-04-10,0.2687469479766272,False
2018-04-11,0.2567900011569707,False
2018-04-12,0.24471755114460764,False
2018-04-13,0.24853153985255794,False
2018-04-16,0.23263284040795967,False
2018-04-17,0.2288636811752554,False
2018-04-18,0.22315101599184695,False
2018-04-19,0.2147937892550461,False
2018-04-20,0.23409475197424368,False
2018-04-23,0.24715346080189488,False
2018-04-24,0.25010351566112093,False
2018-04-25,0.277190938381908,False
2018-04-26,0.30395862901739623,False
2018-04-27,0.2805344527413046,False
2018-04-30,0.2688684423557273,False
2018-05-01,0.2274364944500326,False
2018-05-02,0.21231812190284005,False
2018-05-03,0.2292294426329431,False
2018-05-04,0.24580261408024545,False
2018-05-07,0.23308496746507157,False
2018-05-08,0.22814765411472432,False
2018-05-09,0.2574789365607957,False
2018-05-10,0.25298397448590804,False
2018-05-11,0.22810292536157883,False
2018-05-14,0.2310876115780474,False
2018-05-15,0.272001659008498,False
2018-05-16,0.3111018276653216,False
2018-05-17,0.34447422483790324,False
2018-05-18,0.38666445904371344,False
2018-05-21,0.36589221363410473,False
2018-05-22,0.3447979012062848,False
2018-05-23,0.35672363105587157,False
2018-05-24,0.36465669329828987,False
2018-05-25,0.38762265257758777,False
2018-05-29,0.418478387702717,False
2018-05-30,0.5905877957249307,False
2018-05-31,0.5432665762302339,False
2018-06-01,0.4204547287030455,False
2018-06-04,0.3746414654032665,False
2018-06-05,0.34079969328669335,False
2018-06-06,0.36536486500645654,False
2018-06-07,0.5214654394019923,False
2018-06-08,0.547668383892649,False
2018-06-11,0.5404782564475354,False
2018-06-12,0.49244265206813276,False
2018-06-13,0.3477160189756935,False
2018-06-14,0.2752720369236936,False
2018-06-15,0.29535598230938565,False
2018-06-18,0.3547343431951872,False
2018-06-19,0.4527774594551789,False
2018-06-20,0.4109800231928321,False
2018-06-21,0.45420216207183334,False
2018-06-22,0.5958506335756163,False
2018-06-25,0.6385462380207061,False
2018-06-26,0.6980953476027204,False
2018-06-27,0.7014164494560263,False
2018-06-28,0.7132572533611384,False
2018-06-29,0.77036711809973,False
2018-07-02,0.7750797904721206,False
2018-07-03,0.7753123191575796,False
2018-07-05,0.7715282905207435,False
2018-07-06,0.7576552185065198,False
2018-07-09,0.7693623420617737,False
2018-07-10,0.7528326166692803,False
2018-07-11,0.7510814526302108,False
2018-07-12,0.7658851092673378,False
2018-07-13,0.7631929121243892,False
2018-07-16,0.757079392986443,False
2018-07-17,0.7620069169273083,False
2018-07-18,0.7641148267032751,False
2018-07-19,0.7665173443791298,False
2018-07-20,0.7674234363744948,False
2018-07-23,0.8198724445414208,False
2018-07-24,0.8491283049793815,False
2018-07-25,0.8526648750914949,False
2018-07-26,0.8426637282221918,False
2018-07-27,0.8657246596279788,False
2018-07-30,0.8637638748592689,False
2018-07-31,0.8765139745429105,False
2018-08-01,0.8597950220417334,False
2018-08-02,0.892702945487652,False
2018-08-03,0.9253360727491865,False
2018-08-06,0.9097134165358604,False
2018-08-07,0.9168088092234334,False
2018-08-08,0.9271914083592232,False
2018-08-09,0.9266881622300439,False
2018-08-10,0.9318727382788932,False
2018-08-13,0.9436113506041436,False
2018-08-14,0.9387664528442321,False
2018-08-15,0.944648933315174,False
2018-08-16,0.9489711515914162,False
2018-08-17,0.9392980550984472,False
2018-08-20,0.9513427134113536,False
2018-08-21,0.955427999553843,False
2018-08-22,0.9536580930398442,False
2018-08-23,0.9499285444141405,False
2018-08-24,0.9461928886863186,False
2018-08-27,0.9464786616753239,False
2018-08-28,0.9491696328644199,False
2018-08-29,0.9472422173537192,False
2018-08-30,0.946156526200995,False
2018-08-31,0.9556043445353988,False
2018-09-04,0.960302858543997,False
2018-09-05,0.9655056044154015,False
2018-09-06,0.9657644398080252,False
2018-09-07,0.9646393524404835,False
2018-09-10,0.9602472719219759,False
2018-09-11,0.9541792218045914,False
2018-09-12,0.9589568412357536,False
2018-09-13,0.8528881852080232,False
2018-09-14,0.8653642300046678,False
2018-09-17,0.8559106206721303,False
2018-09-18,0.842686906254203,False
2018-09-19,0.9021340538890323,False
2018-09-20,0.9015227035807778,False
2018-09-21,0.9212965749151073,False
2018-09-24,0.8968669803418522,False
2018-09-25,0.9071026802119109,False
2018-09-26,0.9225991674971007,False
2018-09-27,0.9148999206296362,False
2018-09-28,0.9167322036338076,False
2018-10-01,0.932285823012176,False
2018-10-02,0.9515042065298356,False
2018-10-03,0.9400086109345346,False
2018-10-04,0.9788569854555889,False
2018-10-05,0.9853609824205535,False
2018-10-08,0.9885360399006967,False
2018-10-09,0.984280061783432,False
2018-10-10,0.9826912801899531,False
2018-10-11,0.9815550143133793,False
2018-10-12,0.9650648271251885,False
2018-10-15,0.9651581533060355,False
2018-10-16,0.9589628851245657,False
2018-10-17,0.9485661039719822,False
2018-10-18,0.9682543271097619,False
2018-10-19,0.9685745392510046,False
2018-10-22,0.9672531069301581,False
2018-10-23,0.9552469993280395,False
2018-10-24,0.9555376899733646,False
2018-10-25,0.9495093311250649,False
2018-10-26,0.9566410198709479,False
2018-10-29,0.9251916987441074,False
2018-10-30,0.9104187652821392,False
2018-10-31,0.8987743425077246,False
2018-11-01,0.8899904441240603,False
2018-11-02,0.8698537173839782,False
2018-11-05,0.8480980809029732,False
2018-11-06,0.8291303518537277,False
2018-11-07,0.7817155028504776,False
2018-11-08,0.7632015641922056,False
2018-11-09,0.7654978159180661,False
2018-11-12,0.7866698685905564,False
2018-11-13,0.741867382428399,False
2018-11-14,0.6849855909537311,False
2018-11-15,0.5102645321911691,False
2018-11-16,0.5742133942933492,False
2018-11-19,0.4395907249142817,False
2018-11-20,0.44897482766867786,False
2018-11-21,0.40725176681453323,False
2018-11-23,0.30497381091577996,False
2018-11-26,0.3012320420890475,False
2018-11-27,0.2601347084563921,False
2018-11-28,0.22841412760520557,False
2018-11-29,0.3040445377001625,False
2018-11-30,0.35649371079592673,False
2018-12-03,0.22925915888116738,False
2018-12-04,0.21469365848093902,False
2018-12-06,0.19239172232351892,False
2018-12-07,0.14410310148078026,False
2018-12-10,0.1989245971636892,False
2018-12-11,0.2136423550460158,False
2018-12-12,0.1877246891029266,False
2018-12-13,0.1770941787907399,False
2018-12-14,0.09173670047633209,False
2018-12-17,0.08176435555823813,False
2018-12-18,0.07044395622509887,False
2018-12-19,0.11341300017840289,False
2018-12-20,0.2538497680495448,False
2018-12-21,0.32825503228159186,False
2018-12-24,0.286160525736027,False
2018-12-26,0.2628212294028601,False
2018-12-27,0.1840198798250549,False
2018-12-28,0.08643495692328801,False
2018-12-31,0.12981788866114286,False
2019-01-02,0.11499492065448153,False
2019-01-03,0.21564905020809244,False
2019-01-04,0.25921378802684725,False
2019-01-07,0.11724839226310169,False
2019-01-08,0.11234291057157408,False
2019-01-09,0.09436306762157465,False
2019-01-10,0.1901895912358107,False
2019-01-11,0.1963844572573789,False
2019-01-14,0.1649073866624834,False
2019-01-15,0.15586807121182172,False
2019-01-16,0.1091505341929877,False
2019-01-17,0.13216565592165008,False
2019-01-18,0.18167296280893036,False
2019-01-22,0.25716681685197396,False
2019-01-23,0.24189960984600561,False
2019-01-24,0.18750573602678144,False
2019-01-25,0.2287997589689319,False
2019-01-28,0.14112585369634473,False
2019-01-29,0.1770789379471116,False
2019-01-30,0.23101635979784418,False
2019-01-31,0.29162029907363146,False
2019-02-01,0.47197787918081,False
2019-02-04,0.3237863486060362,False
2019-02-05,0.34070824069277506,False
2019-02-06,0.3743477428314568,False
2019-02-07,0.42273087579762303,False
2019-02-08,0.49637122011188184,False
2019-02-11,0.5206087366785871,False
2019-02-12,0.5116625955368219,False
2019-02-13,0.4975858302399585,False
2019-02-14,0.4961937982167449,False
2019-02-15,0.533364446491099,False
2019-02-19,0.5398169489268522,False
2019-02-20,0.5296404719275453,False
2019-02-21,0.5225327023117613,False
2019-02-22,0.5273465769476996,False
2019-02-25,0.5371468401778149,False
2019-02-26,0.515608675031659,False
2019-02-27,0.5649378362755295,False
2019-02-28,0.5521768834708805,False
2019-03-01,0.5447143778084644,False
2019-03-04,0.5423537998251879,False
2019-03-05,0.5222040123082059,False
2019-03-06,0.5332949819788544,False
2019-03-07,0.5255498801933369,False
2019-03-08,0.5099182163961211,False
2019-03-11,0.4766248264407152,False
2019-03-12,0.30689673388350713,False
2019-03-13,0.2957240548645675,False
2019-03-14,0.3004278293347552,False
2019-03-15,0.290994043347431,False
2019-03-18,0.3303441298715171,False
2019-03-19,0.3432332722621049,False
2019-03-20,0.35231626827642004,False
2019-03-21,0.48280250448471185,False
2019-03-22,0.48614389554726306,False
2019-03-25,0.39703196633009696,False
2019-03-26,0.3086865745203016,False
2019-03-27,0.28699121220419166,False
2019-03-28,0.290921681853295,False
2019-03-29,0.45711502885591826,False
2019-04-01,0.40097499130149217,False
2019-04-02,0.2833699016797249,False
2019-04-03,0.3471208334769601,False
2019-04-04,0.21501475596080838,False
2019-04-05,0.18941951149981645,False
2019-04-08,0.3226079701927457,False
2019-04-09,0.29264274138367186,False
2019-04-10,0.31163164672549487,False
2019-04-11,0.27701846188111257,False
2019-04-12,0.3281792102917901,False
2019-04-15,0.26597986569509185,False
2019-04-16,0.2605816393792896,False
2019-04-17,0.25234681404554826,False
2019-04-18,0.3092119476692022,False
2019-04-22,0.5144136594274205,False
2019-04-23,0.4958883788424798,False
2019-04-24,0.47789432820241806,False
2019-04-25,0.4272907702356262,False
2019-04-26,0.445471627793421,False
2019-04-29,0.4536074400792052,False
2019-04-30,0.4544528949230806,False
2019-05-01,0.42326996976389236,False
2019-05-02,0.4250472414989383,False
2019-05-03,0.47220001388844596,False
2019-05-06,0.4839960082495283,False
2019-05-07,0.43201964804257365,False
2019-05-08,0.41260778081660154,False
2019-05-09,0.4602073595698093,False
2019-05-10,0.4886953612597811,False
2019-05-13,0.313688974305682,False
2019-05-14,0.3528729788877446,False
2019-05-15,0.36231457456110727,False
2019-05-16,0.36413788638484557,False
2019-05-17,0.3821128600297012,False
2019-05-20,0.3888979411997401,False
2019-05-21,0.3781866061675434,False
2019-05-22,0.3861335182293105,False
2019-05-23,0.3981425337655324,False
2019-05-24,0.41084485626471035,False
2019-05-28,0.3713763926417197,False
2019-05-29,0.4278721390189657,False
2019-05-30,0.40896823509961333,False
2019-05-31,0.47592409224429794,False
2019-06-03,0.5619243262787892,False
2019-06-04,0.5365278403000024,False
2019-06-05,0.5150247665522737,False
2019-06-06,0.4517300256080801,False
2019-06-07,0.5489611332798658,False
2019-06-10,0.566976347711829,False
2019-06-11,0.4990952272833577,False
2019-06-12,0.516472119327901,False
2019-06-13,0.5182048051889977,False
2019-06-14,0.510754553005632,False
2019-06-17,0.5067168831484028,False
2019-06-18,0.5419257092346107,False
2019-06-19,0.5935924066404866,False
2019-06-20,0.45349026285402877,False
2019-06-21,0.5132264732615301,False
2019-06-24,0.373933047049383,False
2019-06-25,0.3906901653155838,False
2019-06-26,0.4439111248222683,False
2019-06-27,0.3949500856180707,False
2019-06-28,0.3330791250382387,False
2019-07-01,0.3782958584398129,False
2019-07-02,0.31651000034369203,False
2019-07-03,0.3316963642839523,False
2019-07-05,0.3532766475635685,False
2019-07-08,0.3369239861577463,False
2019-07-09,0.34548298021024343,False
2019-07-10,0.2968729392068243,False
2019-07-11,0.2399897885876104,False
2019-07-12,0.17000357827755164,False
2019-07-15,0.15928660523631816,False
2019-07-16,0.12263995838181646,False
2019-07-17,0.13263192499713128,False
2019-07-18,0.13260474422971885,False
2019-07-19,0.12842395787044936,False
2019-07-22,0.08851016184404592,False
2019-07-23,0.1701212495285871,False
2019-07-24,0.2424571132561258,False
2019-07-25,0.23317396883177965,False
2019-07-26,0.21726838620522643,False
2019-07-29,0.23313248050990254,False
2019-07-30,0.20374532861477485,False
2019-07-31,0.22967255990150348,False
2019-08-01,0.22333942251332128,False
2019-08-02,0.3963789549458283,False
2019-08-05,0.4714526354895529,False
2019-08-06,0.4730134090381633,False
2019-08-07,0.45389490627395995,False
2019-08-08,0.3634095597937176,False
2019-08-09,0.36687016005008916,False
2019-08-12,0.35364817488796885,False
2019-08-13,0.6056708200410299,False
2019-08-14,0.523889589836708,False
2019-08-15,0.6569561699104426,False
2019-08-16,0.716821507280269,False
2019-08-19,0.43880233168792326,False
2019-08-20,0.3061071585667665,False
2019-08-21,0.6101589133195203,False
2019-08-22,0.6147091535134754,False
2019-08-23,0.47567936416560674,False
2019-08-26,0.5647397231302143,False
2019-08-27,0.5625089952471725,False
2019-08-28,0.7910241375752616,False
2019-08-29,0.7913992423692031,False
2019-08-30,0.7342289142842702,False
2019-09-03,0.6831175524510575,False
2019-09-04,0.6816643513897586,False
2019-09-05,0.6785638277051609,False
2019-09-06,0.5767388949929195,False
2019-09-09,0.5337149195087628,False
2019-09-10,0.41225791991886407,False
2019-09-11,0.22277214143495244,False
2019-09-12,0.33557925256707055,False
2019-09-13,0.1933848558102365,False
2019-09-16,0.22232407089331324,False
2019-09-17,0.23065614067172635,False
2019-09-18,0.19395210882126446,False
2019-09-19,0.3279446865952257,False
2019-09-20,0.3475711553797706,False
2019-09-23,0.42486362967926977,False
2019-09-24,0.3742222446829837,False
2019-09-25,0.24780044145048347,False
2019-09-26,0.18162879580179908,False
2019-09-27,0.2153376717928141,False
2019-09-30,0.2491346835321186,False
2019-10-01,0.19253757262881216,False
2019-10-02,0.30042601996066953,False
2019-10-03,0.338201724808316,False
2019-10-04,0.3414072753463001,False
2019-10-07,0.37048623314246165,False
2019-10-08,0.3656603409154303,False
2019-10-09,0.36802728021921416,False
2019-10-10,0.33095502931786186,False
2019-10-11,0.3000623367317625,False
2019-10-14,0.274828053953734,False
2019-10-15,0.40906607516840987,False
2019-10-16,0.30519794489676977,False
2019-10-17,0.30632726834453916,False
2019-10-18,0.29300725286677776,False
2019-10-21,0.292464300353238,False
2019-10-22,0.3305219016871689,False
2019-10-23,0.3066432869095571,False
2019-10-24,0.2990122736045303,False
2019-10-25,0.28098013236039193,False
2019-10-28,0.3026473845600565,False
2019-10-29,0.3693995064795696,False
2019-10-30,0.37359951561238935,False
2019-10-31,0.3121254312300902,False
2019-11-01,0.3011442780393324,False
2019-11-04,0.44350084737018,False
2019-11-05,0.4971735491398455,False
2019-11-06,0.5883440679809451,False
2019-11-07,0.5487387828962953,False
2019-11-08,0.5454334691054404,False
2019-11-11,0.7709863195729724,False
2019-11-12,0.7633307367554945,False
2019-11-13,0.760027057343015,False
2019-11-14,0.7104439128829627,False
2019-11-15,0.629565158408766,False
2019-11-18,0.6239523773801536,False
2019-11-19,0.6153124515590063,False
2019-11-20,0.36188385705733356,False
2019-11-21,0.30715207325911154,False
2019-11-22,0.5180333263773701,False
2019-11-25,0.5141130728182823,False
2019-11-26,0.5161970131456532,False
2019-11-27,0.5080813275868274,False
2019-11-29,0.3509555624459516,False
2019-12-02,0.36521625606613095,False
2019-12-03,0.3966256699176054,False
2019-12-04,0.4516699316029908,False
2019-12-05,0.4487012355258543,False
2019-12-06,0.485139334117341,False
2019-12-09,0.5595089421321175,False
2019-12-10,0.514387797254134,False
2019-12-11,0.4871828452503681,False
2019-12-12,0.4954287915842902,False
2019-12-13,0.6872406788432972,False
2019-12-16,0.5496732439127885,False
2019-12-17,0.5777422374690724,False
2019-12-18,0.6367110363260686,False
2019-12-19,0.7554279457125549,False
2019-12-20,0.7536190312411705,False
2019-12-23,0.7572274274280666,False
2019-12-24,0.7768781284062819,False
2019-12-26,0.7158716262900656,False
2019-12-27,0.6728023525628132,False
2019-12-30,0.696005894359147,False
2019-12-31,0.7502756926595986,False
2020-01-02,0.8635059873060646,False
2020-01-03,0.7812170174297789,False
2020-01-06,0.6712638235005943,False
2020-01-07,0.6798688357525821,False
2020-01-08,0.7299111168520449,False
2020-01-09,0.7679647765773903,False
2020-01-10,0.7662862077350534,False
2020-01-13,0.7135458830236546,False
2020-01-14,0.7420456149430403,False
2020-01-15,0.7192335157965687,False
2020-01-16,0.690852909760655,False
2020-01-17,0.7469890212579535,False
2020-01-21,0.7924053723334832,False
2020-01-22,0.7049768680187516,False
2020-01-23,0.7151968511260884,False
2020-01-24,0.6787190285014866,False
2020-01-27,0.629311289545645,False
2020-01-28,0.5820975132572437,False
2020-01-29,0.5845774491545928,False
2020-01-30,0.5813222838771154,False
2020-01-31,0.5621240506048034,False
2020-02-03,0.5752433306453919,False
2020-02-04,0.58889007721968,False
2020-02-05,0.5891057081714516,False
2020-02-06,0.6144292840448726,False
2020-02-07,0.6086539634020592,False
2020-02-10,0.5709805298675296,False
2020-02-11,0.5708779295696067,False
2020-02-12,0.5815454809226476,False
2020-02-13,0.591404757901789,False
2020-02-14,0.5867371983964736,False
2020-02-18,0.5741181856155898,False
2020-02-19,0.5740867647970431,False
2020-02-20,0.5754175801981164,False
2020-02-21,0.5751602581632606,False
2020-02-24,0.5750820091181466,False
2020-02-25,0.5984909355619239,False
2020-02-26,0.5918378968366419,False
2020-02-27,0.5768636533735568,False
2020-02-28,0.5810344519288354,False
2020-03-02,0.5808089955193054,False
2020-03-03,0.6009544924304157,False
2020-03-04,0.6041965883477779,False
2020-03-05,0.5795967440144363,False
2020-03-06,0.598240121622424,False
2020-03-09,0.6993048613168303,False
2020-03-10,0.5349671565137293,False
2020-03-11,0.48689100276611014,False
2020-03-12,0.553684100422603,False
2020-03-13,0.594814133320311,False
2020-03-16,0.4972065254258115,False
2020-03-17,0.5335471166522483,False
2020-03-18,0.5294444235552016,False
2020-03-19,0.7006413996580697,False
2020-03-20,0.6813751293645285,False
2020-03-23,0.6338382661428259,False
2020-03-24,0.5632429534806969,False
2020-03-25,0.5812169263578277,False
2020-03-26,0.5504750731344036,False
2020-03-27,0.4743093173370418,False
2020-03-30,0.46757446338623115,False
2020-03-31,0.5206482033725099,False
2020-04-01,0.4512457745727276,False
2020-04-02,0.6360551794274075,False
2020-04-03,0.3183479759373783,False
2020-04-06,0.31668011865447876,False
2020-04-07,0.30631470643893055,False
2020-04-08,0.3030099447611128,False
2020-04-09,0.3099539718870056,False
2020-04-13,0.314599718519042,False
2020-04-14,0.303566596961182,False
2020-04-15,0.3074193075710866,False
2020-04-16,0.3823546044095835,False
2020-04-17,0.39274280092845415,False
2020-04-20,0.40112106181996027,False
2020-04-21,0.4251233845691737,False
2020-04-22,0.435535479301581,False
2020-04-23,0.43039210784179205,False
2020-04-24,0.4404938700912534,False
2020-04-27,0.43795342244688445,False
2020-04-28,0.41397373818751343,False
2020-04-29,0.4386971418149024,False
2020-04-30,0.43681977159406593,False
2020-05-01,0.37210582575239415,False
2020-05-04,0.4270587972525468,False
2020-05-05,0.42397196309185464,False
2020-05-06,0.42052522600232356,False
2020-05-07,0.3882569864530101,False
2020-05-08,0.4033920475763044,False
2020-05-11,0.4033401582465467,False
2020-05-12,0.3867912051116263,False
2020-05-13,0.3989175845343511,False
2020-05-14,0.4137152227022677,False
2020-05-15,0.43718552260894117,False
2020-05-18,0.4276235785136801,False
2020-05-19,0.4026321814619349,False
2020-05-20,0.40195145453999404,False
2020-05-21,0.3936541194663818,False
2020-05-22,0.3900796670700055,False
2020-05-26,0.40217773053126105,False
2020-05-27,0.3953753148162582,False
2020-05-28,0.407802912527557,False
2020-05-29,0.39252712907866133,False
2020-06-01,0.3994329656543063,False
2020-06-02,0.4016114250127183,False
2020-06-03,0.39625318217573713,False
2020-06-04,0.3913089855618575,False
2020-06-05,0.3876889641780832,False
2020-06-08,0.3961614169195867,False
2020-06-09,0.39274833713550095,False
2020-06-10,0.3790002547468688,False
2020-06-11,0.3728948948693721,False
2020-06-12,0.40471218116354196,False
2020-06-15,0.3930640926156865,False
2020-06-16,0.39593367426114123,False
2020-06-17,0.3986205507191932,False
2020-06-18,0.4051167155683346,False
2020-06-19,0.39159898289085643,False
2020-06-22,0.39191499315171663,False
2020-06-23,0.3915830405637426,False
2020-06-24,0.39214928633310986,False
2020-06-25,0.39592995472354053,False
2020-06-26,0.3967593882938266,False
2020-06-29,0.39548287537214816,False
2020-06-30,0.40035911557765974,False
2020-07-01,0.39736625379798823,False
2020-07-02,0.3949446831637755,False
2020-07-06,0.3937333322650667,False
2020-07-07,0.38997872038183545,False
2020-07-08,0.4026519859599818,False
2020-07-09,0.39625712206425234,False
2020-07-10,0.4099558615284757,False
2020-07-13,0.41445902175973315,False
2020-07-14,0.41822670448175586,False
2020-07-15,0.41809709137776696,False
2020-07-16,0.41456676056342745,False
2020-07-17,0.4212335558393474,False
2020-07-20,0.42408762915918885,False
2020-07-21,0.43338225931536994,False
2020-07-22,0.4401100023504939,False
2020-07-23,0.4380382692539122,False
2020-07-24,0.4508742645095366,False
2020-07-27,0.44371397324747,False
2020-07-28,0.4333289511884612,False
2020-07-29,0.44814100322741107,False
2020-07-30,0.4266913730632512,False
2020-07-31,0.4220682853792869,False
2020-08-03,0.3816533878404457,False
2020-08-04,0.35104776850233266,False
2020-08-05,0.41704248172572833,False
2020-08-06,0.3951869984219453,False
2020-08-07,0.3748709224514628,False
2020-08-10,0.3550634668926303,False
2020-08-11,0.3372700506218525,False
2020-08-12,0.2647372024488116,False
2020-08-13,0.20916193665845628,False
2020-08-14,0.13673435394049277,False
2020-08-17,0.12290670271475518,False
2020-08-18,0.11860089653832978,False
2020-08-19,0.10879977042451533,False
2020-08-20,0.1013784528574499,False
2020-08-21,0.1116561436593802,False
2020-08-24,0.12037901438535925,False
2020-08-25,0.10080125653517358,False
2020-08-26,0.11432510236555565,False
2020-08-27,0.1351803663124786,False
2020-08-28,0.14171103638584248,False
2020-08-31,0.16543391827788334,False
2020-09-01,0.2201090663797322,False
2020-09-02,0.07489074959246401,False
2020-09-03,0.09085975407908742,False
2020-09-04,0.09850450382520665,False
2020-09-08,0.11155323205543272,False
2020-09-09,0.15339596596808464,False
2020-09-10,0.14021384616138494,False
2020-09-11,0.066398218739953,False
2020-09-14,0.11408871023312511,False
2020-09-15,0.0659632201893825,False
2020-09-16,0.05811971063041767,False
2020-09-17,0.0567800964967015,False
2020-09-18,0.05220625201809219,False
2020-09-21,0.04437966228841539,True
2020-09-22,0.04815252674007108,True
2020-09-23,0.029492334843131855,True
2020-09-24,0.023619878814562994,True
2020-09-25,0.01854234719738748,True
2020-09-28,0.014008790753275007,True
2020-09-29,0.017704215463841894,True
2020-09-30,0.028253391122943707,True
2020-10-01,0.017735190001903715,True
2020-10-02,0.031120747994520463,True
2020-10-05,0.027340864315066136,True
2020-10-06,0.021938056634454507,True
2020-10-07,0.0221977075465228,True
2020-10-08,0.024001995820964166,True
2020-10-09,0.021014356886356646,True
2020-10-12,0.01753669594609583,True
2020-10-13,0.015910153023319495,True
2020-10-14,0.01872048065764437,True
2020-10-15,0.0158631975608931,True
2020-10-16,0.01924256737803175,True
2020-10-19,0.01686114443569002,True
2020-10-20,0.017163479254918963,True
2020-10-21,0.017628698537899935,True
2020-10-22,0.023396339676633175,True
2020-10-23,0.029872282582077834,True
2020-10-26,0.023636580934424677,True
2020-10-27,0.018617226128844623,True
2020-10-28,0.014065134184335078,True
2020-10-29,0.015224055145173637,True
2020-10-30,0.02957241217729597,True
2020-11-02,0.03964741942010823,True
2020-11-03,0.05178700112211266,False
2020-11-04,0.07807011669176546,False
2020-11-05,0.03964642515159322,True
2020-11-06,0.03418705682214824,True
2020-11-09,0.04717430025723067,True
2020-11-10,0.07972855977287968,False
2020-11-11,0.11203964003511435,False
2020-11-12,0.11537655493925725,False
2020-11-13,0.08141292555342267,False
2020-11-16,0.08854808861187968,False
2020-11-17,0.09932888248674704,False
2020-11-18,0.0645903596064635,False
2020-11-19,0.06540619112959703,False
2020-11-20,0.06370562031937396,False
2020-11-23,0.05417095355437722,False
2020-11-24,0.06969144790980634,False
2020-11-25,0.09468067057639973,False
2020-11-27,0.08352014779874356,False
2020-11-30,0.08102820268483107,False
2020-12-01,0.09717788136390987,False
2020-12-02,0.1378300544550039,False
2020-12-03,0.174357965055699,False
2020-12-04,0.1704898587160233,False
2020-12-07,0.24843241832188406,False
2020-12-08,0.24767677823153417,False
2020-12-09,0.21030394476638153,False
2020-12-10,0.25603747220097567,False
2020-12-11,0.2273232529340875,False
2020-12-14,0.2207589485264702,False
2020-12-15,0.2302744821929213,False
2020-12-16,0.24556009957028552,False
2020-12-17,0.2645356101175442,False
2020-12-18,0.2982051227957331,False
2020-12-21,0.32619490822512576,False
2020-12-22,0.32204514957153185,False
2020-12-23,0.2859483902540407,False
2020-12-24,0.3169124178982623,False
2020-12-28,0.29305760161528904,False
2020-12-29,0.3211543271695091,False
2020-12-30,0.3382695446869821,False
2020-12-31,0.32080655027961924,False
2021-01-04,0.30403731380636656,False
2021-01-05,0.30579495341502927,False
2021-01-06,0.35337691021103557,False
2021-01-07,0.43532035291602583,False
2021-01-08,0.5710315582969118,False
2021-01-11,0.6859061811238245,False
2021-01-12,0.7601722766443872,False
2021-01-13,0.7932434484337525,False
2021-01-14,0.7405043094381635,False
2021-01-15,0.8054385384891671,False
2021-01-19,0.7566000045157402,False
2021-01-20,0.7677935111492856,False
2021-01-21,0.7806090096508582,False
2021-01-22,0.8037623371337526,False
2021-01-25,0.7901287762120275,False
2021-01-26,0.7165378544079583,False
2021-01-27,0.7180949236951848,False
2021-01-28,0.6799609889295374,False
2021-01-29,0.7076426968698815,False
2021-02-01,0.7601479783849074,False
2021-02-02,0.753202030499616,False
2021-02-03,0.7945198231428168,False
2021-02-04,0.8475536901437271,False
2021-02-05,0.8555076938070731,False
2021-02-08,0.8946277571910618,False
2021-02-09,0.8980835298243046,False
2021-02-10,0.8871622926562869,False
2021-02-11,0.8664633045448933,False
2021-02-12,0.866785834359755,False
2021-02-16,0.9033403626122802,False
2021-02-17,0.9482405461070165,False
2021-02-18,0.9550712670952797,False
2021-02-19,0.961784378750532,False
2021-02-22,0.9781778160184914,False
2021-02-23,0.9807700185850348,False
2021-02-24,0.9804906812437678,False
2021-02-25,0.9833983856944747,False
2021-02-26,0.9928260454238077,False
2021-03-01,0.8142476628099014,False
2021-03-02,0.8329428321369705,False
2021-03-03,0.8122699331109687,False
2021-03-04,0.8772568945610408,False
2021-03-05,0.9934863573989988,False
2021-03-08,0.9939454836839625,False
2021-03-09,1.0,False
2021-03-10,0.9938566721906837,False
2021-03-11,0.9936834068942385,False
2021-03-12,0.9934276053244774,False
2021-03-15,1.0,False
2021-03-16,1.0,False
2021-03-17,1.0,False
2021-03-18,1.0,False
2021-03-19,1.0,False
2021-03-22,0.9884446076932134,False
2021-03-23,0.9886558632347342,False
2021-03-24,0.9724231380689337,False
2021-03-25,0.9580235046203428,False
2021-03-26,0.9930227634400787,False
2021-03-29,0.9934604375428732,False
2021-03-30,0.9938603965025948,False
2021-03-31,0.9938206586738405,False
2021-04-01,0.9939557051501335,False
2021-04-05,0.9937555691236574,False
2021-04-06,1.0,False
2021-04-07,0.9935184004381421,False
2021-04-08,0.9932660490022569,False
2021-04-09,0.9917703677322621,False
2021-04-12,0.9928651300839684,False
2021-04-13,0.9931827183847285,False
2021-04-14,0.9908727976879319,False
2021-04-15,0.9910348393817046,False
2021-04-16,0.9874459236002661,False
2021-04-19,0.9885410670977404,False
2021-04-20,0.9812992330097218,False
2021-04-21,0.9865566546267169,False
2021-04-22,0.9825979402552575,False
2021-04-23,0.9825419701640696,False
2021-04-26,0.976934865865608,False
2021-04-27,0.9788339186605872,False
2021-04-28,0.9782252969190223,False
2021-04-29,0.9765994453901228,False
2021-04-30,0.9841265618811977,False
2021-05-03,0.9836197355337835,False
2021-05-04,0.9787210066178923,False
2021-05-05,0.9783004093824224,False
2021-05-06,0.9759553509249252,False
2021-05-07,0.9719210816116298,False
2021-05-10,0.9642798203243853,False
2021-05-11,0.9689778566764646,False
2021-05-12,0.970877178302461,False
2021-05-13,0.9812492773327373,False
2021-05-14,0.9741441457204777,False
2021-05-17,0.96932021506073,False
2021-05-18,0.9728657468278464,False
2021-05-19,0.968258404481082,False
2021-05-20,0.9758283923531835,False
2021-05-21,0.9654749082922528,False
2021-05-24,0.9636942255483723,False
2021-05-25,0.9575868038289804,False
2021-05-26,0.9442402386409842,False
2021-05-27,0.9433900927711986,False
2021-05-28,0.9541252051364957,False
2021-06-01,0.9543634166098025,False
2021-06-02,0.9600402645395476,False
2021-06-03,0.9574940657329127,False
2021-06-04,0.963889891631392,False
2021-06-07,0.9502581091683764,False
2021-06-08,0.9477617293468347,False
2021-06-09,0.9370045618920473,False
2021-06-10,0.9280735619903819,False
2021-06-11,0.917210129917303,False
2021-06-14,0.917578340596102,False
2021-06-15,0.928496752467434,False
2021-06-16,0.9288131415644085,False
2021-06-17,0.9467266325707935,False
2021-06-18,0.944793435499331,False
2021-06-21,0.9512785772071891,False
2021-06-22,0.9498413949258111,False
2021-06-23,0.9373501618932584,False
2021-06-24,0.9581068722630748,False
2021-06-25,0.9596210756241077,False
2021-06-28,0.9568676569611857,False
2021-06-29,0.9518505748379349,False
2021-06-30,0.9401565797595393,False
2021-07-01,0.9395606925697999,False
2021-07-02,0.9258265637161365,False
2021-07-06,0.9175791897713779,False
2021-07-07,0.8802462634105481,False
2021-07-08,0.8829793762377227,False
2021-07-09,0.861543478313112,False
2021-07-12,0.8837639026646871,False
2021-07-13,0.8854666154752104,False
2021-07-14,0.8799649854134879,False
2021-07-15,0.8623342579208534,False
2021-07-16,0.8452143644370448,False
2021-07-19,0.8284291901213561,False
2021-07-20,0.8348624919871089,False
2021-07-21,0.8251903195415062,False
2021-07-22,0.8068275992699347,False
2021-07-23,0.7979034517838608,False
2021-07-26,0.8005932990388351,False
2021-07-27,0.810187194704546,False
2021-07-28,0.7970143417474214,False
2021-07-29,0.8423854385783458,False
2021-07-30,0.847761042508079,False
2021-08-02,0.8420932406386754,False
2021-08-03,0.8305931410462891,False
2021-08-04,0.845605121882874,False
2021-08-05,0.8001219692528663,False
2021-08-06,0.7697688288452724,False
2021-08-09,0.7657686405204762,False
2021-08-10,0.7944553050584271,False
2021-08-11,0.7863555390583135,False
2021-08-12,0.8213308912604473,False
2021-08-13,0.8207082585192071,False
2021-08-16,0.8304453431620284,False
2021-08-17,0.787858240172362,False
2021-08-18,0.777669722454542,False
2021-08-19,0.7344599553078074,False
2021-08-20,0.7949064805153395,False
2021-08-23,0.7450143112327295,False
2021-08-24,0.7552040064324863,False
2021-08-25,0.7801049280238737,False
2021-08-26,0.780507829749554,False
2021-08-27,0.8146877838129035,False
2021-08-30,0.8125365366633,False
2021-08-31,0.8170968982759026,False
2021-09-01,0.7539347936881023,False
2021-09-02,0.7342886870050066,False
2021-09-03,0.6933737566768644,False
2021-09-07,0.7589278862354175,False
2021-09-08,0.7289159871418941,False
2021-09-09,0.7171693101032337,False
2021-09-10,0.7266223063894385,False
2021-09-13,0.6930041929145518,False
2021-09-14,0.7194393549324906,False
2021-09-15,0.6665907904063624,False
2021-09-16,0.6858766821947567,False
2021-09-17,0.670572762144052,False
2021-09-20,0.6404163663843554,False
2021-09-21,0.7172418900586939,False
2021-09-22,0.7599495154458697,False
2021-09-23,0.7382814556390657,False
2021-09-24,0.6197043828429696,False
2021-09-27,0.6047085597663652,False
2021-09-28,0.6163604507458026,False
2021-09-29,0.5928314278013669,False
2021-09-30,0.6628670356754232,False
2021-10-01,0.6141129853685199,False
2021-10-04,0.6291158151901295,False
2021-10-05,0.717293233427352,False
2021-10-06,0.6763846253241964,False
2021-10-07,0.7111736755205029,False
2021-10-08,0.6771066393049516,False
2021-10-11,0.6779263263432684,False
2021-10-12,0.6594716997665265,False
2021-10-13,0.5726745209577682,False
2021-10-14,0.5459774695200469,False
2021-10-15,0.6000157192858484,False
2021-10-18,0.5861992998528062,False
2021-10-19,0.6203647233663636,False
2021-10-20,0.6434423337803351,False
2021-10-21,0.6680468602294776,False
2021-10-22,0.6855837268782566,False
2021-10-25,0.6687260810058266,False
2021-10-26,0.6150599017573328,False
2021-10-27,0.5567694360589539,False
2021-10-28,0.5818862036169916,False
2021-10-29,0.6752361494172094,False
2021-11-01,0.7155080199401914,False
2021-11-02,0.6866922778961824,False
2021-11-03,0.6887446342921062,False
2021-11-04,0.5102413585986525,False
2021-11-05,0.4741769515104759,False
2021-11-08,0.5855477816405072,False
2021-11-09,0.7116275425892722,False
2021-11-10,0.7557252973013611,False
2021-11-11,0.7123106636544115,False
2021-11-12,0.5947381292076779,False
2021-11-15,0.6085636556069141,False
2021-11-16,0.6235181667346035,False
2021-11-17,0.5365042234580446,False
2021-11-18,0.543111451539705,False
2021-11-19,0.534794432864969,False
2021-11-22,0.6523628894184812,False
2021-11-23,0.5335427339483302,False
2021-11-24,0.556359045296039,False
2021-11-26,0.5617131239767976,False
2021-11-29,0.505483334662005,False
2021-11-30,0.5004746801461233,False
2021-12-01,0.644532678540461,False
2021-12-02,0.7000052219432997,False
2021-12-03,0.6742093972841373,False
2021-12-06,0.7691938593773341,False
2021-12-07,0.678606134871194,False
2021-12-08,0.6176080165586684,False
2021-12-09,0.574265838775106,False
2021-12-10,0.5501033485355644,False
2021-12-13,0.5076516447620187,False
2021-12-14,0.5281313606602689,False
2021-12-15,0.5205284903034345,False
2021-12-16,0.4945547035808607,False
2021-12-17,0.5062989963224295,False
2021-12-20,0.5323528361745742,False
2021-12-21,0.4833830357495382,False
2021-12-22,0.3957371461429441,False
2021-12-23,0.44062121268459065,False
2021-12-27,0.36756897522081455,False
2021-12-28,0.35414009434534505,False
2021-12-29,0.6694154921018882,False
2021-12-30,0.5817735998946679,False
2021-12-31,0.6340863910828723,False
2022-01-03,0.23143314004584775,False
2022-01-04,0.25587871433706033,False
2022-01-05,0.35343846767056686,False
2022-01-06,0.4284514420052345,False
2022-01-07,0.4786810474161782,False
2022-01-10,0.5245357080443431,False
2022-01-11,0.5201023778536018,False
2022-01-12,0.4491675114314345,False
2022-01-13,0.47870389666828406,False
2022-01-14,0.42017759219746725,False
2022-01-18,0.3138094027477578,False
2022-01-19,0.3833936235320642,False
2022-01-20,0.41103090398172193,False
2022-01-21,0.4034085980878987,False
2022-01-24,0.4337168374880308,False
2022-01-25,0.429678437100793,False
2022-01-26,0.41613083316218913,False
2022-01-27,0.38387920538290354,False
2022-01-28,0.34242954464131903,False
2022-01-31,0.38124827925660115,False
2022-02-01,0.46952143023579057,False
2022-02-02,0.4671970149157799,False
2022-02-03,0.46207459125780737,False
2022-02-04,0.5381963229950055,False
2022-02-07,0.580579132142509,False
2022-02-08,0.5842568648126171,False
2022-02-09,0.6025899195094033,False
2022-02-10,0.6784500014448674,False
2022-02-11,0.42249465678469356,False
2022-02-14,0.6257646056564317,False
2022-02-15,0.6335325731640804,False
2022-02-16,0.6571434995934367,False
2022-02-17,0.6532717348876029,False
2022-02-18,0.5002454914488792,False
2022-02-22,0.4867552345300941,False
2022-02-23,0.601180264243953,False
2022-02-24,0.6361625909856506,False
2022-02-25,0.5323034428357164,False
2022-02-28,0.5318820712540976,False
2022-03-01,0.5216392883261427,False
2022-03-02,0.541504310427614,False
2022-03-03,0.44083709654979764,False
2022-03-04,0.4294218381578337,False
2022-03-07,0.4305664628409834,False
2022-03-08,0.4624757350506608,False
2022-03-09,0.4397838581483108,False
2022-03-10,0.4173702708652607,False
2022-03-11,0.34510010944120684,False
2022-03-14,0.35413564968069733,False
2022-03-15,0.3780008959266875,False
2022-03-16,0.35046308767883033,False
2022-03-17,0.24180860703571688,False
2022-03-18,0.2273784941474204,False
2022-03-21,0.25433771748080863,False
2022-03-22,0.37389848803253045,False
2022-03-23,0.4254290080355792,False
2022-03-24,0.3291264001498716,False
2022-03-25,0.3082113679860953,False
2022-03-28,0.2899882332098569,False
2022-03-29,0.205728291624442,False
2022-03-30,0.15128703101203778,False
2022-03-31,0.1990659802186192,False
2022-04-01,0.14694069621685513,False
2022-04-04,0.21065176787879808,False
2022-04-05,0.19488858015619692,False
2022-04-06,0.2814784601353041,False
2022-04-07,0.293307279265428,False
2022-04-08,0.3364826348432171,False
2022-04-11,0.43400833908927283,False
2022-04-12,0.5019826360815886,False
2022-04-13,0.6276337296222817,False
2022-04-14,0.5534417936990718,False
2022-04-18,0.6271965678149665,False
2022-04-19,0.7156908095865679,False
2022-04-20,0.716273860299887,False
2022-04-21,0.5786976554435005,False
2022-04-22,0.5760788194584261,False
2022-04-25,0.5325112387729845,False
2022-04-26,0.41173805506890987,False
2022-04-27,0.385209966228465,False
2022-04-28,0.386001001522536,False
2022-04-29,0.3746960825929091,False
2022-05-02,0.4028038266536935,False
2022-05-03,0.5396733791225988,False
2022-05-04,0.4850768134361828,False
2022-05-05,0.5005657009847744,False
2022-05-06,0.5772188080330035,False
2022-05-09,0.6550584368761526,False
2022-05-10,0.6133822984871088,False
2022-05-11,0.367553234042466,False
2022-05-12,0.2865766707248144,False
2022-05-13,0.362272231353419,False
2022-05-16,0.3936688631408686,False
2022-05-17,0.3287065240561769,False
2022-05-18,0.28119036968031674,False
2022-05-19,0.25180019972129536,False
2022-05-20,0.26727633052963573,False
2022-05-23,0.23541909914029374,False
2022-05-24,0.3456562149813639,False
2022-05-25,0.28021023054556526,False
2022-05-26,0.2363094630218709,False
2022-05-27,0.23459032889286974,False
2022-05-31,0.22365773483572066,False
2022-06-01,0.2944610756059263,False
2022-06-02,0.2435962064290546,False
2022-06-03,0.31941719821467507,False
2022-06-06,0.3107959489658346,False
2022-06-07,0.4014268355460628,False
2022-06-08,0.40323255310997586,False
2022-06-09,0.4619111927823528,False
2022-06-10,0.41950658352141823,False
2022-06-13,0.320731333856046,False
2022-06-14,0.32690319660761935,False
2022-06-15,0.2602548713558844,False
2022-06-16,0.31124752404645684,False
2022-06-17,0.4183620562550098,False
2022-06-21,0.3592268266871511,False
2022-06-22,0.38940725965076134,False
2022-06-23,0.35923881959686005,False
2022-06-24,0.32361954159883566,False
2022-06-27,0.31016103164904696,False
2022-06-28,0.35321630393112485,False
2022-06-29,0.3406289981002685,False
2022-06-30,0.31993895449866716,False
2022-07-01,0.30987659788400745,False
2022-07-05,0.33213675212219007,False
2022-07-06,0.3622206115406046,False
2022-07-07,0.37824644107239563,False
2022-07-08,0.38170825018882704,False
2022-07-11,0.36950658672285686,False
2022-07-12,0.35388402523493756,False
2022-07-13,0.35016013219382847,False
2022-07-14,0.3998042742515794,False
2022-07-15,0.3798539581366702,False
2022-07-18,0.38579278579804854,False
2022-07-19,0.3736256673876675,False
2022-07-20,0.3856638552007806,False
2022-07-21,0.3959031209584635,False
2022-07-22,0.4062255947598036,False
2022-07-25,0.4260068590635436,False
2022-07-26,0.42063548166412057,False
2022-07-27,0.4391173752901343,False
2022-07-28,0.4082961566615357,False
2022-07-29,0.43550235733829495,False
2022-08-01,0.4424531803884819,False
2022-08-02,0.4985062483349619,False
2022-08-03,0.46285298542296704,False
2022-08-04,0.4962969016764922,False
2022-08-05,0.5234974682663394,False
2022-08-08,0.5292162579835882,False
2022-08-09,0.5702466373218257,False
2022-08-10,0.5740568981906795,False
2022-08-11,0.5320790141661617,False
2022-08-12,0.4584598642378182,False
2022-08-15,0.5034595595312638,False
2022-08-16,0.5044997124667633,False
2022-08-17,0.5242170924050089,False
2022-08-18,0.4768448890030137,False
2022-08-19,0.44107795433609065,False
2022-08-22,0.41251171929386643,False
2022-08-23,0.4101753293486462,False
2022-08-24,0.4206966443466362,False
2022-08-25,0.4273188214786914,False
2022-08-26,0.421856024557021,False
2022-08-29,0.42205594094151655,False
2022-08-30,0.41938475969131095,False
2022-08-31,0.4196022284172939,False
2022-09-01,0.424034368619971,False
2022-09-02,0.44905981567824654,False
2022-09-06,0.4690016984190679,False
2022-09-07,0.5049059945822125,False
2022-09-08,0.49433780953947315,False
2022-09-09,0.4934207551927606,False
2022-09-12,0.4642089426802,False
2022-09-13,0.4825047006654585,False
2022-09-14,0.43454512437536774,False
2022-09-15,0.42533468279282366,False
2022-09-16,0.4247142866999981,False
2022-09-19,0.42042315994672236,False
2022-09-20,0.4321900145294978,False
2022-09-21,0.4412270244870948,False
2022-09-22,0.4195061096371078,False
2022-09-23,0.42586328088363135,False
2022-09-26,0.38610659819682136,False
2022-09-27,0.38944333130940634,False
2022-09-28,0.3935294409738461,False
2022-09-29,0.3123292417263055,False
2022-09-30,0.3099621588734255,False
2022-10-03,0.33448699311966706,False
2022-10-04,0.31180755981130726,False
2022-10-05,0.2701268145080631,False
2022-10-06,0.2900137574488728,False
2022-10-07,0.2465113722710911,False
2022-10-10,0.22176825398707595,False
2022-10-11,0.2400786649811188,False
2022-10-12,0.2713462633097878,False
2022-10-13,0.31188162479886783,False
2022-10-14,0.28388808288400996,False
2022-10-17,0.257679187813471,False
2022-10-18,0.28175474000483614,False
2022-10-19,0.2023950144884547,False
2022-10-20,0.18592196573880182,False
2022-10-21,0.21666685470742852,False
2022-10-24,0.3574157776690725,False
2022-10-25,0.3421099590044362,False
2022-10-26,0.24310326159779855,False
2022-10-27,0.31032581334358644,False
2022-10-28,0.2800992712660101,False
2022-10-31,0.2679296554352315,False
2022-11-01,0.2697025185807801,False
2022-11-02,0.22559859002275479,False
2022-11-03,0.18749128714818059,False
2022-11-04,0.19582947823780966,False
2022-11-07,0.25590562704909703,False
2022-11-08,0.24661841006004454,False
2022-11-09,0.25292158112774377,False
2022-11-10,0.24670295376689233,False
2022-11-11,0.22957848057752694,False
2022-11-14,0.22111747405977722,False
2022-11-15,0.1671403425120469,False
2022-11-16,0.13401712732493126,False
2022-11-17,0.14111323401585785,False
2022-11-18,0.14268534292084017,False
2022-11-21,0.1724812146397539,False
2022-11-22,0.13663613455953827,False
2022-11-23,0.09145881084086033,False
2022-11-25,0.12695852323914586,False
2022-11-28,0.17967811924340515,False
2022-11-29,0.1369793395014675,False
2022-11-30,0.21840252538176663,False
2022-12-01,0.2229627193606351,False
2022-12-02,0.23219775780837326,False
2022-12-05,0.245813839785962,False
2022-12-06,0.2499128765039882,False
2022-12-07,0.25934149471117607,False
2022-12-08,0.2540762226320773,False
2022-12-09,0.2610333397010971,False
2022-12-12,0.2408635137258831,False
2022-12-13,0.2462508028962836,False
2022-12-14,0.24491180869775386,False
2022-12-15,0.24277493800735206,False
2022-12-16,0.24395699734151433,False
2022-12-19,0.24582088535247698,False
2022-12-20,0.2606799043067999,False
2022-12-21,0.31412664851255767,False
2022-12-22,0.3552223009389295,False
2022-12-23,0.3266717266114142,False
2022-12-27,0.36747482708613083,False
2022-12-28,0.4176337162319391,False
2022-12-29,0.45436419074041084,False
2022-12-30,0.430252278222533,False
2023-01-03,0.41379711310834644,False
2023-01-04,0.30960620447708864,False
2023-01-05,0.23537351472049423,False
2023-01-06,0.20633814047390409,False
2023-01-09,0.21851063380972513,False
2023-01-10,0.1913435053589444,False
2023-01-11,0.22917096265308884,False
2023-01-12,0.20946736969706498,False
2023-01-13,0.22099974028315317,False
2023-01-17,0.21821870924420722,False
2023-01-18,0.2312753703439291,False
2023-01-19,0.16560058953492013,False
2023-01-20,0.16968409879687574,False
2023-01-23,0.22335444193413773,False
2023-01-24,0.23906732139174663,False
2023-01-25,0.1691640435897197,False
2023-01-26,0.1744882270998735,False
2023-01-27,0.17052639786863955,False
2023-01-30,0.26060625693530615,False
2023-01-31,0.2566508021243832,False
2023-02-01,0.2846475492700601,False
2023-02-02,0.27979047936885637,False
2023-02-03,0.30180062054602297,False
2023-02-06,0.23655529395166264,False
2023-02-07,0.21046657776550154,False
2023-02-08,0.22883909479968778,False
2023-02-09,0.21691494371468073,False
2023-02-10,0.23598870376835918,False
2023-02-13,0.3167299877475592,False
2023-02-14,0.3107687650983454,False
2023-02-15,0.26772845006744495,False
2023-02-16,0.3006115963656684,False
2023-02-17,0.3333209083535388,False
2023-02-21,0.3611864417410919,False
2023-02-22,0.3988170398285893,False
2023-02-23,0.40407165065459477,False
2023-02-24,0.40297292843759197,False
2023-02-27,0.3617744314046362,False
2023-02-28,0.37419568276434845,False
2023-03-01,0.3402756672304289,False
2023-03-02,0.3375370578437429,False
2023-03-03,0.4104327423893808,False
2023-03-06,0.32667350420853153,False
2023-03-07,0.272836424024032,False
2023-03-08,0.19844660316139712,False
2023-03-09,0.2033035856770582,False
2023-03-10,0.2546311093935696,False
2023-03-13,0.30563768053365636,False
2023-03-14,0.5915533259944237,False
2023-03-15,0.5963879365115275,False
2023-03-16,0.5655241638989023,False
2023-03-17,0.3478051215093541,False
2023-03-20,0.7578717010855294,False
2023-03-21,0.754726950927195,False
2023-03-22,0.39451282872298926,False
2023-03-23,0.626609954785315,False
2023-03-24,0.7967750012137389,False
2023-03-27,0.7660993738952703,False
2023-03-28,0.8202292847007697,False
2023-03-29,0.4525622218292782,False
2023-03-30,0.6298930380325725,False
2023-03-31,0.5555834867040436,False
2023-04-03,0.4598912734262769,False
2023-04-04,0.40784933951045677,False
2023-04-05,0.4680716703183431,False
2023-04-06,0.5807577465943841,False
2023-04-10,0.6333143450964561,False
2023-04-11,0.6579438718042501,False
2023-04-12,0.6637240803642319,False
2023-04-13,0.718500460127729,False
2023-04-14,0.7993095971367636,False
2023-04-17,0.758512996529827,False
2023-04-18,0.7947199843289313,False
2023-04-19,0.7714397683571621,False
2023-04-20,0.8138595412636459,False
2023-04-21,0.8281696961265725,False
2023-04-24,0.8255984842867872,False
2023-04-25,0.7408953353908474,False
2023-04-26,0.7442214465927618,False
2023-04-27,0.7281416276451065,False
2023-04-28,0.763462008679571,False
2023-05-01,0.699524903177126,False
2023-05-02,0.7552349070196807,False
2023-05-03,0.7499560682470208,False
2023-05-04,0.7390628609666885,False
2023-05-05,0.7830093861943357,False
2023-05-08,0.7806051000184917,False
2023-05-09,0.8009899601526583,False
2023-05-10,0.8038955127623064,False
2023-05-11,0.7900830406606698,False
2023-05-12,0.7474255338566833,False
2023-05-15,0.7578264768124363,False
2023-05-16,0.7937289678637104,False
2023-05-17,0.7811105756563209,False
2023-05-18,0.7875295670724736,False
2023-05-19,0.7762969911563349,False
2023-05-22,0.79009683723963,False
2023-05-23,0.7758811697656374,False
2023-05-24,0.7812353203665212,False
2023-05-25,0.7530786736874533,False
2023-05-26,0.7525929350598659,False
2023-05-30,0.7281500993857748,False
2023-05-31,0.6840868408517078,False
2023-06-01,0.7171299905848458,False
2023-06-02,0.7263765283656105,False
2023-06-05,0.7288238594317393,False
2023-06-06,0.7378920280336025,False
2023-06-07,0.7377448578460927,False
2023-06-08,0.7690603773136127,False
2023-06-09,0.7475045488235076,False
2023-06-12,0.7369484241659341,False
2023-06-13,0.7384100522698215,False
2023-06-14,0.7773150519727385,False
2023-06-15,0.805395334024238,False
2023-06-16,0.7342892087316741,False
2023-06-20,0.7352359982662551,False
2023-06-21,0.7163388916367794,False
2023-06-22,0.7235127219981812,False
2023-06-23,0.728511363084093,False
2023-06-26,0.6928402152794053,False
2023-06-27,0.7035997033301289,False
2023-06-28,0.7177714915463627,False
2023-06-29,0.7008852293742796,False
2023-06-30,0.7325583228758821,False
2023-07-03,0.6862724414893782,False
2023-07-05,0.6444011661661145,False
2023-07-06,0.6074951330245282,False
2023-07-07,0.7040966622394454,False
2023-07-10,0.7863634055948834,False
2023-07-11,0.7892235787437383,False
2023-07-12,0.7040535494203437,False
2023-07-13,0.6447085635116628,False
2023-07-14,0.511288477597223,False
2023-07-17,0.5747569749035256,False
2023-07-18,0.5251462697543596,False
2023-07-19,0.5303169993950769,False
2023-07-20,0.5343757752424206,False
2023-07-21,0.579691485471582,False
2023-07-24,0.47727274684111753,False
2023-07-25,0.34002957993477195,False
2023-07-26,0.3729504583088137,False
2023-07-27,0.3129849657686143,False
2023-07-28,0.3945297202394596,False
2023-07-31,0.2483215050919298,False
2023-08-01,0.2024495587115726,False
2023-08-02,0.11161007159354552,False
2023-08-03,0.24885670607721422,False
2023-08-04,0.25725528707125767,False
2023-08-07,0.10296001356885859,False
2023-08-08,0.2349046472941987,False
2023-08-09,0.10056433464417913,False
2023-08-10,0.08629094713677421,False
2023-08-11,0.13014689352291026,False
2023-08-14,0.264249705508498,False
2023-08-15,0.1716658809434754,False
2023-08-16,0.1491865575195397,False
2023-08-17,0.15609687332766076,False
2023-08-18,0.3034984753594214,False
2023-08-21,0.24345256042779512,False
2023-08-22,0.49120915654523195,False
2023-08-23,0.4916438730731141,False
2023-08-24,0.37800674012696134,False
2023-08-25,0.4423094324364643,False
2023-08-28,0.31470694817145073,False
2023-08-29,0.2842943858724085,False
2023-08-30,0.2989981361425777,False
2023-08-31,0.27838165808356824,False
2023-09-01,0.3245926918192863,False
2023-09-05,0.6010417261230394,False
2023-09-06,0.6905045518006026,False
2023-09-07,0.6487750744820335,False
2023-09-08,0.5968227534029613,False
2023-09-11,0.5931879845816898,False
2023-09-12,0.6104439502505028,False
2023-09-13,0.5915377249959095,False
2023-09-14,0.5956130359618317,False
2023-09-15,0.6066505955348067,False
2023-09-18,0.6618590087268887,False
2023-09-19,0.640641034807232,False
2023-09-20,0.6906941881755928,False
2023-09-21,0.7282500340625726,False
2023-09-22,0.8116993526092604,False
2023-09-25,0.8410142172295003,False
2023-09-26,0.8993104849999667,False
2023-09-27,0.9186048114207837,False
2023-09-28,0.9330738541298957,False
2023-09-29,0.9453363123066023,False
2023-10-02,0.9441139151237133,False
2023-10-03,0.9673701764167197,False
2023-10-04,0.9815737090827347,False
2023-10-05,0.9729226477282926,False
2023-10-06,0.9734103290065075,False
2023-10-09,0.9808608261454492,False
2023-10-10,0.9540384193744207,False
2023-10-11,0.9521455690535732,False
2023-10-12,0.9219034253465084,False
2023-10-13,0.9528824492031644,False
2023-10-16,0.9232012543665254,False
2023-10-17,0.9376898418765595,False
2023-10-18,0.9595184960095844,False
2023-10-19,0.9699206163433386,False
2023-10-20,0.9759110666305656,False
2023-10-23,0.9532906104558179,False
2023-10-24,0.9244203436221984,False
2023-10-25,0.8964928541957197,False
2023-10-26,0.950093148711942,False
2023-10-27,0.9230365602528311,False
2023-10-30,0.9174368770457688,False
2023-10-31,0.9184468892010967,False
2023-11-01,0.9120925548283074,False
2023-11-02,0.8327789071506717,False
2023-11-03,0.7613183397786145,False
2023-11-06,0.659816604813564,False
2023-11-07,0.6464171771906033,False
2023-11-08,0.5327775586925911,False
2023-11-09,0.5154899138080405,False
2023-11-10,0.5667105719964853,False
2023-11-13,0.665896781134912,False
2023-11-14,0.6503051636552519,False
2023-11-15,0.5286249051330182,False
2023-11-16,0.5756885012066854,False
2023-11-17,0.5417742402818974,False
2023-11-20,0.521601950800866,False
2023-11-21,0.494134123881421,False
2023-11-22,0.4731086546107497,False
2023-11-24,0.4811573102674682,False
2023-11-27,0.5000940103704564,False
2023-11-28,0.4661699565611888,False
2023-11-29,0.45220372960114247,False
2023-11-30,0.43617885108015486,False
2023-12-01,0.45201513908492835,False
2023-12-04,0.4517330743446017,False
2023-12-05,0.5612593054963047,False
2023-12-06,0.5664920629516285,False
2023-12-07,0.5635573715707717,False
2023-12-08,0.5760785853904743,False
2023-12-11,0.5838222539400543,False
2023-12-12,0.5890390880794444,False
2023-12-13,0.5829464998252811,False
2023-12-14,0.6082352010034826,False
2023-12-15,0.5681131787567756,False
2023-12-18,0.5608403702497211,False
2023-12-19,0.5633333634936069,False
2023-12-20,0.6043005222580822,False
2023-12-21,0.6469829840028027,False
2023-12-22,0.6441032800070922,False
2023-12-26,0.6449561218974349,False
2023-12-27,0.6549959087241667,False
2023-12-28,0.6941678224989005,False
2023-12-29,0.671720098814309,False
2024-01-02,0.6718095154602746,False
2024-01-03,0.6532667285043133,False
2024-01-04,0.6774521557133145,False
2024-01-05,0.6581934009523494,False
2024-01-08,0.6525259886141305,False
2024-01-09,0.6423888430542446,False
2024-01-10,0.6339556367700949,False
2024-01-11,0.6561201544352965,False
2024-01-12,0.6806317244744402,False
2024-01-16,0.7075174108306386,False
2024-01-17,0.7085086821599305,False
2024-01-18,0.6282998549830063,False
2024-01-19,0.6283098716986648,False
2024-01-22,0.6743401564463016,False
2024-01-23,0.6965934271422393,False
2024-01-24,0.6622712148265502,False
2024-01-25,0.6498942142488136,False
2024-01-26,0.6715760469039778,False
2024-01-29,0.6819165644113985,False
2024-01-30,0.7011499494091897,False
2024-01-31,0.6776146181635211,False
2024-02-01,0.6439813933714131,False
2024-02-02,0.6583131023679982,False
2024-02-05,0.6913286206188973,False
2024-02-06,0.617305157822123,False
2024-02-07,0.6596915501070871,False
2024-02-08,0.725003376221832,False
2024-02-09,0.6559914181964364,False
2024-02-12,0.6758159067824305,False
2024-02-13,0.6911985612847971,False
2024-02-14,0.696351576321391,False
2024-02-15,0.6983849710276732,False
2024-02-16,0.7739578289572314,False
2024-02-20,0.7771895510251314,False
2024-02-21,0.7808480087767842,False
2024-02-22,0.785330810498941,False
2024-02-23,0.7852001735143388,False
2024-02-26,0.7080311669858709,False
2024-02-27,0.7094561453903065,False
2024-02-28,0.7136542663621054,False
2024-02-29,0.706280077803876,False
2024-03-01,0.7011708195452777,False
2024-03-04,0.6884789894761122,False
2024-03-05,0.7024162512216197,False
2024-03-06,0.698472371960913,False
2024-03-07,0.7011141649781216,False
2024-03-08,0.7024447777948182,False
2024-03-11,0.7065680396304592,False
2024-03-12,0.6898333623317919,False
2024-03-13,0.6518760197574736,False
2024-03-14,0.6926149168824962,False
2024-03-15,0.6374926846902226,False
2024-03-18,0.6859700468389927,False
2024-03-19,0.6277744114617361,False
2024-03-20,0.6464358748394456,False
2024-03-21,0.6878377216605408,False
2024-03-22,0.6161319486505057,False
2024-03-25,0.6047721791116127,False
2024-03-26,0.5586827247487436,False
2024-03-27,0.7013351697199426,False
2024-03-28,0.6516747205602024,False
2024-04-01,0.6605523651159886,False
2024-04-02,0.6506349334345684,False
2024-04-03,0.6131836640841926,False
2024-04-04,0.5650454583097592,False
2024-04-05,0.4882105659629586,False
2024-04-08,0.4419521091129006,False
2024-04-09,0.42821061165820856,False
2024-04-10,0.5203714108131784,False
2024-04-11,0.5582432965934498,False
2024-04-12,0.5330511456583956,False
2024-04-15,0.5469347222233535,False
2024-04-16,0.6179502452592838,False
2024-04-17,0.6898612862526493,False
2024-04-18,0.6301747874970631,False
2024-04-19,0.6601623604556696,False
2024-04-22,0.607316704599153,False
2024-04-23,0.6240326041720959,False
2024-04-24,0.568465927123689,False
2024-04-25,0.4785592392626342,False
2024-04-26,0.5410470617363493,False
2024-04-29,0.5833017669748772,False
2024-04-30,0.4592168942155346,False
2024-05-01,0.6206746233392165,False
2024-05-02,0.4537639742422575,False
2024-05-03,0.3316768948382812,False
2024-05-06,0.3101351132511324,False
2024-05-07,0.35764568272558483,False
2024-05-08,0.41787967921617325,False
2024-05-09,0.37819986106107184,False
2024-05-10,0.29701167832676073,False
2024-05-13,0.3676666365198191,False
2024-05-14,0.394167226498496,False
2024-05-15,0.41723827471799513,False
2024-05-16,0.3545637573439355,False
2024-05-17,0.38198089182865036,False
2024-05-20,0.4456611918211659,False
2024-05-21,0.48184896715998365,False
2024-05-22,0.4902475441876885,False
2024-05-23,0.4674043772761761,False
2024-05-24,0.4888412555336767,False
2024-05-28,0.5328227450178824,False
2024-05-29,0.5257632727853384,False
2024-05-30,0.47190628381182376,False
2024-05-31,0.39741812484601047,False
2024-06-03,0.34628920019248116,False
2024-06-04,0.41160521820283047,False
2024-06-05,0.4088901651582942,False
2024-06-06,0.3936040218871289,False
2024-06-07,0.47096068378254763,False
2024-06-10,0.3903346554984519,False
2024-06-11,0.4169015141005743,False
2024-06-12,0.38694878774242536,False
2024-06-13,0.45167659917805786,False
2024-06-14,0.4365634952348373,False
2024-06-17,0.3584205772115644,False
2024-06-18,0.3797983566876402,False
2024-06-20,0.34218354308256665,False
2024-06-21,0.30882958263373506,False
2024-06-24,0.3655449515505599,False
2024-06-25,0.30844689281489696,False
2024-06-26,0.269254491297765,False
2024-06-27,0.27715160117392906,False
2024-06-28,0.22120351787834397,False
2024-07-01,0.32453970740907007,False
2024-07-02,0.30035747217189845,False
2024-07-03,0.32505919510435316,False
2024-07-05,0.3647188540485137,False
2024-07-08,0.4479337692946106,False
2024-07-09,0.46636269025885063,False
2024-07-10,0.4264073317501481,False
2024-07-11,0.3964395538552507,False
2024-07-12,0.3060163303561687,False
2024-07-15,0.2156045915060802,False
2024-07-16,0.22907663957759772,False
2024-07-17,0.20171397494908083,False
2024-07-18,0.17109224585606508,False
2024-07-19,0.11344458566234189,False
2024-07-22,0.17996344147544002,False
2024-07-23,0.1552557478207609,False
2024-07-24,0.1529688917399652,False
2024-07-25,0.16155686011407322,False
2024-07-26,0.11649833458058123,False
2024-07-29,0.22368990087532353,False
2024-07-30,0.18850855911506925,False
2024-07-31,0.16309950067957363,False
2024-08-01,0.22618785672796116,False
2024-08-02,0.25826744656489586,False
2024-08-05,0.42623416869408975,False
2024-08-06,0.3174818231127966,False
2024-08-07,0.2751553969067174,False
2024-08-08,0.18769978885587546,False
2024-08-09,0.14817973700045878,False
2024-08-12,0.24256273974537895,False
2024-08-13,0.29776546242810664,False
2024-08-14,0.3067903250521,False
2024-08-15,0.34176740074716294,False
2024-08-16,0.35236170424574054,False
2024-08-19,0.38287341759139515,False
2024-08-20,0.3614869722841416,False
2024-08-21,0.4255931249972743,False
2024-08-22,0.413369550617345,False
2024-08-23,0.28673349318587626,False
2024-08-26,0.3253088536932336,False
2024-08-27,0.30177381876075204,False
2024-08-28,0.254973287388494,False
2024-08-29,0.1853768604299385,False
2024-08-30,0.16759015264122634,False
2024-09-03,0.14251328674130886,False
2024-09-04,0.20888660385130453,False
2024-09-05,0.26658754634103266,False
2024-09-06,0.2760664917122744,False
2024-09-09,0.2503154334909512,False
2024-09-10,0.2289292571148086,False
2024-09-11,0.25852192080236336,False
2024-09-12,0.21736226956306998,False
2024-09-13,0.19728163734863002,False
2024-09-16,0.20889166029481537,False
2024-09-17,0.23575195751749023,False
2024-09-18,0.20477959056307898,False
2024-09-19,0.21486651617293745,False
2024-09-20,0.19926224280631377,False
2024-09-23,0.3749291370202842,False
2024-09-24,0.37427869185905766,False
2024-09-25,0.41074422347635137,False
2024-09-26,0.42178748880904526,False
2024-09-27,0.4175365524925408,False
2024-09-30,0.4385423435367311,False
2024-10-01,0.44612425165704833,False
2024-10-02,0.43617352967189527,False
2024-10-03,0.4429551891561488,False
2024-10-04,0.42323372302272816,False
2024-10-07,0.47922457004584934,False
2024-10-08,0.4793783049346682,False
2024-10-09,0.5158115353492226,False
2024-10-10,0.5240005635728001,False
2024-10-11,0.5613251714535978,False
2024-10-14,0.5759350994497383,False
2024-10-15,0.5883075908796931,False
2024-10-16,0.453617385654983,False
2024-10-17,0.4599449631668855,False
2024-10-18,0.25253212834636507,False
2024-10-21,0.4571254715562572,False
2024-10-22,0.4109599181464493,False
2024-10-23,0.4135678306779036,False
2024-10-24,0.5203067227315534,False
2024-10-25,0.45775723448316735,False
2024-10-28,0.41985913948797676,False
2024-10-29,0.3964026469551827,False
2024-10-30,0.5268946904072256,False
2024-10-31,0.6042273493993348,False
2024-11-01,0.665449669143546,False
2024-11-04,0.7249957820016759,False
2024-11-05,0.6757533117030861,False
2024-11-06,0.6944793059857707,False
2024-11-07,0.7893425361265232,False
2024-11-08,0.6814498556084428,False
2024-11-11,0.6285003689397552,False
2024-11-12,0.6221980485368495,False
2024-11-13,0.7588529595866289,False
2024-11-14,0.8301849681509406,False
2024-11-15,0.8067192644670451,False
2024-11-18,0.834613341406284,False
2024-11-19,0.8079152092212604,False
2024-11-20,0.7171815044335298,False
2024-11-21,0.7445912610734554,False
2024-11-22,0.7412840124559054,False
2024-11-25,0.7331050471095639,False
2024-11-26,0.5844967976673903,False
2024-11-27,0.6379420774199587,False
2024-11-29,0.5645863267369371,False
2024-12-02,0.5236440451729146,False
2024-12-03,0.5118222246189185,False
2024-12-04,0.5564695900618172,False
2024-12-05,0.5406338446835995,False
2024-12-06,0.5509465332822772,False
2024-12-09,0.5182415217236984,False
2024-12-10,0.4773598045160549,False
2024-12-11,0.42536995609277894,False
2024-12-12,0.4410916418912658,False
2024-12-13,0.4925018563006685,False
2024-12-16,0.5210353862501013,False
2024-12-17,0.4517090285083839,False
2024-12-18,0.508591722312823,False
2024-12-19,0.6064750314563175,False
2024-12-20,0.6940728410585928,False
2024-12-23,0.47784739066724524,False
2024-12-24,0.6526705612877597,False
2024-12-26,0.6488524774584682,False
2024-12-27,0.7067309147492288,False
2024-12-30,0.7110610926597591,False
2024-12-31,0.7014820960282652,False
